NOAA.ID,Order,Acquisition,Name,Sex,Species,Birth.Date,Captivity.Date,Owner,Facility.Date,Facility,Purpose,Status
NOA0000141,1,UNKNOWN,-,MALE,Killer Whale; Orca,1-Jan-78,Unknown,Windsor Safari Park,Unknown,Windsor Safari Park,Public Display,DEAD
NOA0000719,1,UNKNOWN,-,MALE,Beluga Whale,-,Unknown,unreported facility in unspecified foreign country,Unknown,unreported facility in unspecified foreign country,Public Display,-
NOA0000719,2,TRANSFER,BLANCHON,MALE,Beluga Whale,-,-,Wildlife Conservation Society,-,New York Aquarium,Public Display,-
NOA0000719,3,TRANSPORT,-,MALE,Beluga Whale,-,-,Wildlife Conservation Society,19-Jun-62,New York Aquarium,Public Display,DEAD
NOA0000720,1,CAPTURE,-,FEMALE,Beluga Whale,1-Jan-72,25-Jul-76,unreported facility in unspecified foreign country,Unknown,unreported facility in unspecified foreign country,Public Display,-
NOA0000720,2,TRANSFER,KATHY,FEMALE,Beluga Whale,1-Jan-72,-,Mystic Aquarium,-,New York Aquarium,Public Display,-
NOA0000720,3,TRANSPORT,-,FEMALE,Beluga Whale,1-Jan-72,-,Mystic Aquarium,29-Jul-76,New York Aquarium,Public Display,-
NOA0000720,4,TRANSFER,AMY LOU,FEMALE,Beluga Whale,1-Jan-72,-,Wildlife Conservation Society,-,New York Aquarium,Public Display,DEAD
NOA0000721,1,CAPTURE,-,FEMALE,Beluga Whale,1-Jan-69,15-Jul-73,unreported facility in unspecified foreign country,Unknown,unreported facility in unspecified foreign country,Public Display,-
NOA0000721,2,TRANSFER,-,FEMALE,Beluga Whale,1-Jan-69,-,Sea World LLC,-,Unknown,Public Display,-
NOA0000721,3,TRANSPORT,-,FEMALE,Beluga Whale,1-Jan-69,-,Sea World LLC,Unknown,Unknown,Public Display,-
NOA0000721,4,TRANSFER,KATHY,FEMALE,Beluga Whale,1-Jan-69,-,Wildlife Conservation Society,-,New York Aquarium,Public Display,-
NOA0000721,5,TRANSPORT,-,FEMALE,Beluga Whale,1-Jan-69,-,Wildlife Conservation Society,24-Feb-76,New York Aquarium,Public Display,DEAD
NOA0000722,1,UNKNOWN,-,MALE,Beluga Whale,1-Jan-70,Unknown,unreported facility in unspecified foreign country,Unknown,unreported facility in unspecified foreign country,Public Display,-
NOA0000722,2,TRANSFER,NEWFY,MALE,Beluga Whale,1-Jan-70,-,Wildlife Conservation Society,-,New York Aquarium,Public Display,-
NOA0000722,3,TRANSPORT,-,MALE,Beluga Whale,1-Jan-70,-,Wildlife Conservation Society,22-Jul-75,New York Aquarium,Public Display,DEAD
NOA0000723,1,UNKNOWN,-,UNKNOWN,Beluga Whale,-,Unknown,Wildlife Conservation Society,Unknown,New York Aquarium,Public Display,DEAD
NOA0000724,1,UNKNOWN,-,UNKNOWN,Beluga Whale,-,Unknown,Wildlife Conservation Society,Unknown,New York Aquarium,Public Display,DEAD
NOA0000737,1,BIRTH,NYCI,FEMALE,Beluga Whale,24-Aug-81,24-Aug-81,Wildlife Conservation Society,24-Aug-81,New York Aquarium,Public Display,DEAD
NOA0000748,1,CAPTURE,-,FEMALE,Beluga Whale,1-Jan-80,16-Jul-84,unreported facility in unspecified foreign country,Unknown,unreported facility in unspecified foreign country,Public Display,-
NOA0000748,2,TRANSFER,-,FEMALE,Beluga Whale,1-Jan-80,-,Wildlife Conservation Society,-,New York Aquarium,Public Display,-
NOA0000748,3,TRANSPORT,-,FEMALE,Beluga Whale,1-Jan-80,-,Wildlife Conservation Society,16-Jul-84,New York Aquarium,Public Display,-
NOA0000748,4,TRANSPORT,-,FEMALE,Beluga Whale,1-Jan-80,-,Wildlife Conservation Society,18-Dec-02,Mystic Aquarium,Public Display,-
NOA0000748,5,TRANSPORT,-,FEMALE,Beluga Whale,1-Jan-80,-,Wildlife Conservation Society,26-May-05,New York Aquarium,Public Display,-
NOA0000748,6,TRANSPORT,-,FEMALE,Beluga Whale,1-Jan-80,-,Wildlife Conservation Society,7-Nov-05,Georgia Aquarium,Public Display,-
NOA0000748,7,TRANSPORT,-,FEMALE,Beluga Whale,1-Jan-80,-,Wildlife Conservation Society,5-Oct-09,Sea World of Texas,Public Display,ALIVE
NOA0000749,1,CAPTURE,-,FEMALE,Beluga Whale,1-Jan-80,20-Jul-84,unreported facility in unspecified foreign country,Unknown,unreported facility in unspecified foreign country,Public Display,-
NOA0000749,2,TRANSFER,KRISTOL,FEMALE,Beluga Whale,1-Jan-80,-,Wildlife Conservation Society,-,New York Aquarium,Public Display,-
NOA0000749,3,TRANSPORT,-,FEMALE,Beluga Whale,1-Jan-80,-,Wildlife Conservation Society,22-Jul-84,New York Aquarium,Public Display,DEAD
NOA0000750,1,CAPTURE,WINSTON,MALE,Beluga Whale,1-Jan-80,16-Jul-84,unreported facility in unspecified foreign country,Unknown,unreported facility in unspecified foreign country,Public Display,-
NOA0000750,2,TRANSFER,WINSTON,MALE,Beluga Whale,1-Jan-80,-,Wildlife Conservation Society,-,New York Aquarium,Public Display,-
NOA0000750,3,TRANSPORT,-,MALE,Beluga Whale,1-Jan-80,-,Wildlife Conservation Society,22-Jul-84,New York Aquarium,Public Display,-
NOA0000750,4,TRANSPORT,WINSTON,MALE,Beluga Whale,1-Jan-80,-,Wildlife Conservation Society,7-Oct-96,Mystic Aquarium,Public Display,DEAD
NOA0000764,1,CAPTURE,-,FEMALE,Beluga Whale,1-Jan-83,25-Jul-87,unreported facility in unspecified foreign country,Unknown,unreported facility in unspecified foreign country,Public Display,-
NOA0000764,2,TRANSFER,MARINA,FEMALE,Beluga Whale,1-Jan-83,-,Wildlife Conservation Society,-,New York Aquarium,Public Display,-
NOA0000764,3,TRANSPORT,-,FEMALE,Beluga Whale,1-Jan-83,-,Wildlife Conservation Society,2-Aug-87,New York Aquarium,Public Display,-
NOA0000764,4,TRANSPORT,-,FEMALE,Beluga Whale,1-Jan-83,-,Wildlife Conservation Society,7-Nov-05,Georgia Aquarium,Public Display,DEAD
NOA0000787,1,BIRTH,HUDSON,MALE,Beluga Whale,7-Aug-91,7-Aug-91,Wildlife Conservation Society,7-Aug-91,New York Aquarium,Public Display,DEAD
NOA0000788,1,BIRTH,CASEY,MALE,Beluga Whale,14-Aug-91,14-Aug-91,Wildlife Conservation Society,14-Aug-91,New York Aquarium,Public Display,DEAD
NOA0000798,1,BIRTH,AURORA,FEMALE,Beluga Whale,6-Jul-93,6-Jul-93,Wildlife Conservation Society,6-Jul-93,New York Aquarium,Public Display,DEAD
NOA0000946,1,CAPTURE,-,MALE,Beluga Whale,1-Jan-70,22-Jul-75,Mystic Aquarium,22-Jul-75,Mystic Aquarium,Public Display,-
NOA0000946,2,TRANSFER,-,MALE,Beluga Whale,1-Jan-70,-,Mystic Aquarium,-,Mystic Aquarium,Public Display,-
NOA0000946,3,TRANSPORT,-,MALE,Beluga Whale,1-Jan-70,-,Mystic Aquarium,26-Jul-75,Mystic Aquarium,Public Display,DEAD
NOA0000947,1,CAPTURE,-,FEMALE,Beluga Whale,1-Jan-71,24-Jul-75,unreported facility in unspecified foreign country,Unknown,unreported facility in unspecified foreign country,Public Display,-
NOA0000947,2,TRANSFER,OKANITOO,FEMALE,Beluga Whale,1-Jan-71,-,Mystic Aquarium,-,Mystic Aquarium,Public Display,-
NOA0000947,3,TRANSPORT,OKANITOO,FEMALE,Beluga Whale,1-Jan-71,-,Mystic Aquarium,26-Jul-75,Mystic Aquarium,Public Display,DEAD
NOA0000948,1,CAPTURE,ALEX,MALE,Beluga Whale,1-Jan-59,28-Aug-61,Wildlife Conservation Society,28-Aug-61,New York Aquarium,Public Display,-
NOA0000948,2,TRANSFER,ALEX,MALE,Beluga Whale,1-Jan-59,-,Mystic Aquarium,-,Mystic Aquarium,Public Display,-
NOA0000948,3,TRANSPORT,ALEX,MALE,Beluga Whale,1-Jan-59,-,Mystic Aquarium,6-May-76,Mystic Aquarium,Public Display,DEAD
NOA0001071,1,CAPTURE,NANUK,MALE,Beluga Whale,1-Jan-80,16-Jul-84,unreported facility in unspecified foreign country,22-Jul-84,unreported facility in unspecified foreign country,Public Display,-
NOA0001071,2,TRANSFER,NANUK,MALE,Beluga Whale,1-Jan-80,-,Mystic Aquarium,-,Mystic Aquarium,Public Display,-
NOA0001071,3,TRANSPORT,-,MALE,Beluga Whale,1-Jan-80,-,Mystic Aquarium,22-Jul-84,Mystic Aquarium,Public Display,DEAD
NOA0001072,1,CAPTURE,-,FEMALE,Beluga Whale,1-Jan-81,17-Jul-84,Mystic Aquarium,22-Jul-84,Mystic Aquarium,Public Display,-
NOA0001072,2,TRANSFER,AURORA,FEMALE,Beluga Whale,1-Jan-81,-,Mystic Aquarium,-,Mystic Aquarium,Public Display,-
NOA0001072,3,TRANSPORT,-,FEMALE,Beluga Whale,1-Jan-81,-,Mystic Aquarium,22-Jul-84,Mystic Aquarium,Public Display,DEAD
NOA0001077,1,CAPTURE,KELA,FEMALE,Beluga Whale,1-Jan-81,31-Jul-85,Mystic Aquarium,4-Aug-85,Mystic Aquarium,Public Display,-
NOA0001077,2,TRANSFER,KELALUKAK,FEMALE,Beluga Whale,1-Jan-81,-,Mystic Aquarium,-,Mystic Aquarium,Public Display,-
NOA0001077,3,TRANSPORT,KELA,FEMALE,Beluga Whale,1-Jan-81,-,Mystic Aquarium,4-Aug-85,Mystic Aquarium,Public Display,ALIVE
NOA0001079,1,CAPTURE,NAKU,FEMALE,Beluga Whale,1-Jan-81,29-Jul-85,unreported facility in unspecified foreign country,Unknown,unreported facility in unspecified foreign country,Public Display,-
NOA0001079,2,TRANSFER,NAKUNGAYOK,FEMALE,Beluga Whale,1-Jan-81,-,Mystic Aquarium,-,Mystic Aquarium,Public Display,-
NOA0001079,3,TRANSPORT,-,FEMALE,Beluga Whale,1-Jan-81,-,Mystic Aquarium,4-Aug-85,Mystic Aquarium,Public Display,DEAD
NOA0001332,1,CAPTURE,-,MALE,Beluga Whale,1-Jan-69,31-Jul-77,unreported facility in unspecified foreign country,Unknown,unreported facility in unspecified foreign country,Public Display,-
NOA0001332,2,TRANSFER,NUKILIK,MALE,Beluga Whale,1-Jan-69,-,Minnesota Zoological Garden,-,Minnesota Zoological Garden,Public Display,-
NOA0001332,3,TRANSPORT,-,MALE,Beluga Whale,1-Jan-69,-,Minnesota Zoological Garden,16-Aug-77,Minnesota Zoological Garden,Public Display,DEAD
NOA0001333,1,CAPTURE,-,FEMALE,Beluga Whale,1-Jan-74,11-Aug-77,unreported facility in unspecified foreign country,Unknown,unreported facility in unspecified foreign country,Public Display,-
NOA0001333,2,TRANSFER,ANANA,FEMALE,Beluga Whale,1-Jan-74,-,Minnesota Zoological Garden,-,Minnesota Zoological Garden,Public Display,-
NOA0001333,3,TRANSPORT,-,FEMALE,Beluga Whale,1-Jan-74,-,Minnesota Zoological Garden,16-Aug-77,Minnesota Zoological Garden,Public Display,DEAD
NOA0001460,1,CAPTURE,BONNIE,FEMALE,Killer Whale; Orca,1-Jan-64,9-May-68,Marine World Africa USA,Unknown,Marine World Africa USA,Public Display,DEAD
NOA0001461,1,CAPTURE,NEPO,MALE,Killer Whale; Orca,1-Jan-66,15-Dec-69,Marine World Africa USA,Unknown,Marine World Africa USA,Public Display,DEAD
NOA0001462,1,CAPTURE,YAKA,FEMALE,Killer Whale; Orca,1-Jan-65,15-Dec-69,Marine World Africa USA,Unknown,Marine World Africa USA,Public Display,-
NOA0001462,2,TRANSFER,-,FEMALE,Killer Whale; Orca,1-Jan-65,-,Marine World Joint Powers Authority,-,Marine World Africa USA,Public Display,DEAD
NOA0001484,1,CAPTURE,-,FEMALE,Killer Whale; Orca,1-Jan-77,19-Nov-80,unreported facility in unspecified foreign country,Unknown,unreported facility in unspecified foreign country,Public Display,-
NOA0001484,2,TRANSFER,VIGGA,FEMALE,Killer Whale; Orca,1-Jan-77,-,Marine World Africa USA,-,Marine World Africa USA,Public Display,-
NOA0001484,3,TRANSPORT,-,FEMALE,Killer Whale; Orca,1-Jan-77,-,Marine World Africa USA,15-Mar-81,Marine World Africa USA,Public Display,-
NOA0001484,4,TRANSFER,-,FEMALE,Killer Whale; Orca,1-Jan-77,-,Marine World Joint Powers Authority,-,Marine World Africa USA,Public Display,-
NOA0001484,5,TRANSPORT,-,FEMALE,Killer Whale; Orca,1-Jan-77,-,Marine World Joint Powers Authority,1-Mar-98,Marine World,Public Display,-
NOA0001484,6,TRANSPORT,-,FEMALE,Killer Whale; Orca,1-Jan-77,-,Marine World Joint Powers Authority,1-Dec-98,Six Flags Marine World,Public Display,DEAD
NOA0002126,1,CAPTURE,-,FEMALE,Beluga Whale,1-Jan-82,29-Jul-85,unreported facility in unspecified foreign country,Unknown,unreported facility in unspecified foreign country,Public Display,-
NOA0002126,2,TRANSFER,ANORE,FEMALE,Beluga Whale,1-Jan-82,-,National Aquarium in Baltimore,-,National Aquarium in Baltimore,Public Display,-
NOA0002126,3,TRANSPORT,-,FEMALE,Beluga Whale,1-Jan-82,-,National Aquarium in Baltimore,29-Jul-85,National Aquarium in Baltimore,Public Display,DEAD
NOA0002127,1,CAPTURE,-,FEMALE,Beluga Whale,1-Jan-82,29-Jul-85,unreported facility in unspecified foreign country,Unknown,unreported facility in unspecified foreign country,Public Display,-
NOA0002127,2,TRANSFER,ILLAMAR,FEMALE,Beluga Whale,1-Jan-82,-,National Aquarium in Baltimore,-,National Aquarium in Baltimore,Public Display,-
NOA0002127,3,TRANSPORT,-,FEMALE,Beluga Whale,1-Jan-82,-,National Aquarium in Baltimore,29-Jul-85,National Aquarium in Baltimore,Public Display,DEAD
NOA0002277,1,UNKNOWN,-,MALE,Beluga Whale,1-Jan-81,Unknown,unreported facility in unspecified foreign country,Unknown,unreported facility in unspecified foreign country,Public Display,-
NOA0002277,2,TRANSFER,INUK,MALE,Beluga Whale,1-Jan-81,-,Point Defiance Zoo and Aquarium,-,Point Defiance Zoo and Aquarium,Public Display,-
NOA0002277,3,TRANSPORT,-,MALE,Beluga Whale,1-Jan-81,-,Point Defiance Zoo and Aquarium,10-Jul-84,Point Defiance Zoo and Aquarium,Public Display,-
NOA0002277,4,TRANSPORT,-,MALE,Beluga Whale,1-Jan-81,-,Point Defiance Zoo and Aquarium,16-Mar-97,Shedd (John G.) Aquarium,Public Display,-
NOA0002277,5,TRANSPORT,INUK,MALE,Beluga Whale,1-Jan-81,-,Point Defiance Zoo and Aquarium,13-Dec-99,Mystic Aquarium,Public Display,DEAD
NOA0002278,1,UNKNOWN,-,FEMALE,Beluga Whale,1-Jan-81,Unknown,unreported facility in unspecified foreign country,Unknown,unreported facility in unspecified foreign country,Public Display,-
NOA0002278,2,TRANSFER,MAUYAK,FEMALE,Beluga Whale,1-Jan-81,-,Point Defiance Zoo and Aquarium,-,Point Defiance Zoo and Aquarium,Public Display,-
NOA0002278,3,TRANSPORT,-,FEMALE,Beluga Whale,1-Jan-81,-,Point Defiance Zoo and Aquarium,9-Jul-84,Point Defiance Zoo and Aquarium,Public Display,-
NOA0002278,4,TRANSPORT,-,FEMALE,Beluga Whale,1-Jan-81,-,Point Defiance Zoo and Aquarium,16-Mar-97,Shedd (John G.) Aquarium,Public Display,-
NOA0002278,5,TRANSPORT,-,FEMALE,Beluga Whale,1-Jan-81,-,Point Defiance Zoo and Aquarium,4-Sep-08,Mystic Aquarium,Public Display,-
NOA0002278,6,TRANSPORT,MAUYAK,FEMALE,Beluga Whale,1-Jan-81,-,Point Defiance Zoo and Aquarium,2-May-09,Shedd (John G.) Aquarium,Public Display,ALIVE
NOA0002279,1,CAPTURE,-,FEMALE,Beluga Whale,1-Jan-81,9-Jul-84,unreported facility in Canada,9-Jul-84,unreported facility in Canada,Public Display,-
NOA0002279,2,TRANSFER,-,FEMALE,Beluga Whale,1-Jan-81,-,Point Defiance Zoo and Aquarium,-,Point Defiance Zoo and Aquarium,Public Display,-
NOA0002279,3,TRANSPORT,-,FEMALE,Beluga Whale,1-Jan-81,-,Point Defiance Zoo and Aquarium,9-Jul-84,Point Defiance Zoo and Aquarium,Public Display,-
NOA0002279,4,TRANSPORT,-,FEMALE,Beluga Whale,1-Jan-81,-,Point Defiance Zoo and Aquarium,22-Nov-98,Sea World of California,Public Display,DEAD
NOA0002290,1,BIRTH,-,MALE,Beluga Whale,2-Aug-92,2-Aug-92,Point Defiance Zoo and Aquarium,2-Aug-92,Point Defiance Zoo and Aquarium,Public Display,DEAD
NOA0002292,1,BIRTH,-,FEMALE,Beluga Whale,15-Jul-94,15-Jul-94,Point Defiance Zoo and Aquarium,15-Jul-94,Point Defiance Zoo and Aquarium,Public Display,DEAD
NOA0002491,1,CAPTURE,-,MALE,Beluga Whale,-,16-Jul-79,unreported facility in Canada,16-Jul-79,unreported facility in Canada,Public Display,-
NOA0002491,2,TRANSFER,-,MALE,Beluga Whale,-,-,Sea World LLC,-,Unknown,Public Display,-
NOA0002491,3,TRANSPORT,-,MALE,Beluga Whale,-,-,Sea World LLC,24-Jul-79,Unknown,Public Display,DEAD
NOA0002492,1,CAPTURE,-,MALE,Beluga Whale,-,16-Jul-79,unreported facility in Canada,16-Jul-79,unreported facility in Canada,Public Display,-
NOA0002492,2,TRANSFER,-,MALE,Beluga Whale,-,-,Sea World LLC,-,Sea World of Texas,Public Display,-
NOA0002492,3,TRANSPORT,-,MALE,Beluga Whale,-,-,Sea World LLC,12-Nov-91,Sea World of Texas,Public Display,DEAD
NOA0002493,1,CAPTURE,-,FEMALE,Beluga Whale,-,16-Jul-79,unreported facility in Canada,16-Jul-79,unreported facility in Canada,Public Display,-
NOA0002493,2,TRANSFER,-,FEMALE,Beluga Whale,-,-,Sea World LLC,-,Unknown,Public Display,-
NOA0002493,3,TRANSPORT,-,FEMALE,Beluga Whale,-,-,Sea World LLC,4-Oct-86,Unknown,Public Display,DEAD
NOA0002494,1,CAPTURE,-,FEMALE,Beluga Whale,-,16-Jul-79,unreported facility in Canada,16-Jul-79,unreported facility in Canada,Public Display,-
NOA0002494,2,TRANSFER,-,FEMALE,Beluga Whale,-,-,Sea World LLC,-,Sea World of Florida,Public Display,-
NOA0002494,3,TRANSPORT,-,FEMALE,Beluga Whale,-,-,Sea World LLC,5-May-95,Sea World of Florida,Public Display,DEAD
NOA0002495,1,CAPTURE,-,FEMALE,Beluga Whale,-,22-Jul-79,unreported facility in Canada,22-Jul-79,unreported facility in Canada,Public Display,-
NOA0002495,2,TRANSFER,-,FEMALE,Beluga Whale,-,-,Sea World LLC,-,Unknown,Public Display,-
NOA0002495,3,TRANSPORT,-,FEMALE,Beluga Whale,-,-,Sea World LLC,17-Sep-83,Unknown,Public Display,DEAD
NOA0002496,1,CAPTURE,-,FEMALE,Beluga Whale,-,22-Jul-79,unreported facility in Canada,22-Jul-79,unreported facility in Canada,Public Display,-
NOA0002496,2,TRANSFER,-,FEMALE,Beluga Whale,-,-,Sea World LLC,-,Unknown,Public Display,-
NOA0002496,3,TRANSPORT,-,FEMALE,Beluga Whale,-,-,Sea World LLC,24-Jul-79,Unknown,Public Display,DEAD
NOA0002497,1,CAPTURE,-,FEMALE,Beluga Whale,-,15-Jul-73,unreported facility in unspecified foreign country,15-Jul-73,Seattle Aquarium,Public Display,-
NOA0002497,2,TRANSFER,-,FEMALE,Beluga Whale,-,-,Sea World LLC,-,Unknown,Public Display,-
NOA0002497,3,TRANSPORT,-,FEMALE,Beluga Whale,-,-,Sea World LLC,25-Oct-73,Unknown,Public Display,DEAD
NOA0002498,1,CAPTURE,-,FEMALE,Beluga Whale,-,22-Jul-73,unreported facility in unspecified foreign country,22-Jul-73,unreported facility in unspecified foreign country,Public Display,-
NOA0002498,2,TRANSFER,-,FEMALE,Beluga Whale,-,-,Sea World LLC,-,Unknown,Public Display,-
NOA0002498,3,TRANSPORT,-,FEMALE,Beluga Whale,-,-,Sea World LLC,25-Oct-73,Unknown,Public Display,DEAD
NOA0002499,1,CAPTURE,-,FEMALE,Beluga Whale,-,15-Jul-73,unreported facility in unspecified foreign country,15-Jul-73,unreported facility in unspecified foreign country,Public Display,-
NOA0002499,2,TRANSFER,-,FEMALE,Beluga Whale,-,-,Sea World LLC,-,Unknown,Public Display,-
NOA0002499,3,TRANSPORT,-,FEMALE,Beluga Whale,-,-,Sea World LLC,25-Oct-73,Unknown,Public Display,DEAD
NOA0002500,1,UNKNOWN,-,MALE,Beluga Whale,1-Jan-71,22-Jul-75,unreported facility in unspecified foreign country,22-Jul-75,unreported facility in unspecified foreign country,Public Display,-
NOA0002500,2,TRANSFER,KATHY,MALE,Beluga Whale,1-Jan-71,-,Wildlife Conservation Society,-,New York Aquarium,Public Display,-
NOA0002500,3,TRANSPORT,-,MALE,Beluga Whale,1-Jan-71,-,Wildlife Conservation Society,22-Jul-75,New York Aquarium,Public Display,-
NOA0002500,4,TRANSFER,-,MALE,Beluga Whale,1-Jan-71,-,Sea World LLC,-,Sea World of California,Public Display,-
NOA0002500,5,TRANSPORT,-,MALE,Beluga Whale,1-Jan-71,-,Sea World LLC,25-Feb-76,Sea World of California,Public Display,DEAD
NOA0002501,1,CAPTURE,-,FEMALE,Killer Whale; Orca,1-Jan-75,1-Jan-78,unreported facility in unspecified foreign country,1-Jan-78,unreported facility in unspecified foreign country,Public Display,-
NOA0002501,2,TRANSFER,-,FEMALE,Killer Whale; Orca,1-Jan-75,-,Sea World LLC,-,Sea World of Florida,Public Display,-
NOA0002501,3,TRANSPORT,-,FEMALE,Killer Whale; Orca,1-Jan-75,-,Sea World LLC,23-Nov-84,Sea World of Florida,Public Display,ALIVE
NOA0002502,1,CAPTURE,-,MALE,Killer Whale; Orca,1-Jan-76,1-Jan-78,unreported facility in unspecified foreign country,1-Jan-78,unreported facility in unspecified foreign country,Public Display,-
NOA0002502,2,TRANSFER,-,MALE,Killer Whale; Orca,1-Jan-76,-,Sea World LLC,-,Unknown,Public Display,-
NOA0002502,3,TRANSPORT,-,MALE,Killer Whale; Orca,1-Jan-76,-,Sea World LLC,26-Oct-78,Unknown,Public Display,DEAD
NOA0002503,1,CAPTURE,-,FEMALE,Killer Whale; Orca,-,1-Jan-78,unreported facility in unspecified foreign country,1-Jan-78,unreported facility in unspecified foreign country,Public Display,-
NOA0002503,2,TRANSFER,-,FEMALE,Killer Whale; Orca,-,-,Sea World LLC,-,Unknown,Public Display,-
NOA0002503,3,TRANSPORT,-,FEMALE,Killer Whale; Orca,-,-,Sea World LLC,26-Oct-78,Unknown,Public Display,DEAD
NOA0002504,1,CAPTURE,-,FEMALE,Killer Whale; Orca,1-Jan-76,1-Jan-78,unreported facility in unspecified foreign country,1-Jan-78,unreported facility in unspecified foreign country,Public Display,-
NOA0002504,2,TRANSFER,-,FEMALE,Killer Whale; Orca,1-Jan-76,-,Sea World LLC,-,Unknown,Public Display,-
NOA0002504,3,TRANSPORT,-,FEMALE,Killer Whale; Orca,1-Jan-76,-,Sea World LLC,26-Oct-78,Unknown,Public Display,DEAD
NOA0002505,1,CAPTURE,-,FEMALE,Killer Whale; Orca,1-Jan-76,1-Jan-78,unreported facility in unspecified foreign country,1-Jan-78,unreported facility in unspecified foreign country,Public Display,-
NOA0002505,2,TRANSFER,-,FEMALE,Killer Whale; Orca,1-Jan-76,-,Sea World LLC,-,Sea World of California,Public Display,-
NOA0002505,3,TRANSPORT,-,FEMALE,Killer Whale; Orca,1-Jan-76,-,Sea World LLC,13-Feb-90,Sea World of California,Public Display,DEAD
NOA0002506,1,CAPTURE,-,FEMALE,Killer Whale; Orca,1-Jan-74,1-Jan-76,unreported facility in unspecified foreign country,1-Jan-76,unreported facility in unspecified foreign country,Public Display,-
NOA0002506,2,TRANSFER,-,FEMALE,Killer Whale; Orca,1-Jan-74,-,Sea World LLC,-,Unknown,Public Display,-
NOA0002506,3,TRANSPORT,-,FEMALE,Killer Whale; Orca,1-Jan-74,-,Sea World LLC,9-Jun-77,Unknown,Public Display,DEAD
NOA0002507,1,CAPTURE,-,FEMALE,Killer Whale; Orca,1-Jan-75,1-Jan-77,unreported facility in unspecified foreign country,1-Jan-77,unreported facility in unspecified foreign country,Public Display,-
NOA0002507,2,TRANSFER,-,FEMALE,Killer Whale; Orca,1-Jan-75,-,Sea World LLC,-,Unknown,Public Display,-
NOA0002507,3,TRANSPORT,-,FEMALE,Killer Whale; Orca,1-Jan-75,-,Sea World LLC,12-Dec-77,Unknown,Public Display,DEAD
NOA0002508,1,CAPTURE,-,MALE,Killer Whale; Orca,-,1-Jan-77,unreported facility in unspecified foreign country,1-Jan-77,unreported facility in unspecified foreign country,Public Display,-
NOA0002508,2,TRANSFER,-,MALE,Killer Whale; Orca,-,-,Sea World LLC,-,Unknown,Public Display,-
NOA0002508,3,TRANSPORT,-,MALE,Killer Whale; Orca,-,-,Sea World LLC,12-Dec-77,Unknown,Public Display,DEAD
NOA0002509,1,CAPTURE,-,FEMALE,Killer Whale; Orca,1-Jan-74,1-Jan-77,unreported facility in unspecified foreign country,1-Jan-77,unreported facility in unspecified foreign country,Public Display,-
NOA0002509,2,TRANSFER,-,FEMALE,Killer Whale; Orca,1-Jan-74,-,Sea World LLC,-,Unknown,Public Display,-
NOA0002509,3,TRANSPORT,-,FEMALE,Killer Whale; Orca,1-Jan-74,-,Sea World LLC,12-Dec-77,Unknown,Public Display,DEAD
NOA0002510,1,CAPTURE,-,MALE,Killer Whale; Orca,-,25-Feb-67,Sea World LLC,21-Mar-75,Sea World of Florida,Public Display,DEAD
NOA0002511,1,CAPTURE,-,MALE,Killer Whale; Orca,1-Jan-63,1-Jun-70,"Trident Television, Ltd.",1-Jun-70,"Windsor Safari Park, Ltd.",Public Display,-
NOA0002511,2,TRANSFER,-,MALE,Killer Whale; Orca,1-Jan-63,-,Sea World LLC,-,Unknown,Public Display,-
NOA0002511,3,TRANSPORT,-,MALE,Killer Whale; Orca,1-Jan-63,-,Sea World LLC,17-Oct-76,Unknown,Public Display,DEAD
NOA0002512,1,CAPTURE,-,FEMALE,Killer Whale; Orca,-,27-Aug-71,Sea World LLC,9-Dec-73,Sea World of Florida,Public Display,DEAD
NOA0002513,1,CAPTURE,-,MALE,Killer Whale; Orca,-,12-Mar-72,Sea World LLC,18-Nov-73,Sea World of Florida,Public Display,DEAD
NOA0002514,1,STRANDED,-,MALE,Killer Whale; Orca,-,13-Mar-73,Sea World LLC,2-Oct-77,Sea World of Florida,Public Display,DEAD
NOA0002515,1,CAPTURE,-,MALE,Killer Whale; Orca,-,Unknown,Sea World LLC,11-Mar-67,Sea World of California,Public Display,DEAD
NOA0002516,1,CAPTURE,-,FEMALE,Killer Whale; Orca,-,31-Oct-65,Sea World LLC,25-Dec-65,Sea World of California,Public Display,DEAD
NOA0002517,1,CAPTURE,-,FEMALE,Killer Whale; Orca,-,15-Feb-67,Sea World LLC,16-Dec-69,Sea World of California,Public Display,DEAD
NOA0002518,1,CAPTURE,-,FEMALE,Killer Whale; Orca,-,26-Aug-71,Sea World LLC,10-Sep-71,Sea World of California,Public Display,DEAD
NOA0002519,1,CAPTURE,-,MALE,Killer Whale; Orca,-,1-Jul-73,unreported facility in Canada,1-Jul-73,unreported facility in Canada,Public Display,-
NOA0002519,2,TRANSFER,-,MALE,Killer Whale; Orca,-,-,Sea World LLC,-,Unknown,Public Display,-
NOA0002519,3,TRANSPORT,-,MALE,Killer Whale; Orca,-,-,Sea World LLC,25-Oct-73,Unknown,Public Display,DEAD
NOA0002817,1,BIRTH,-,FEMALE,Killer Whale; Orca,26-Sep-85,26-Sep-85,Sea World LLC,29-Oct-94,Sea World of Florida,Public Display,DEAD
NOA0002826,1,CAPTURE,-,FEMALE,Killer Whale; Orca,1-Jan-62,1-Mar-70,Marineland of Canada,Unknown,Marineland of Canada,Public Display,-
NOA0002826,2,TRANSFER,-,FEMALE,Killer Whale; Orca,1-Jan-62,-,Sea World LLC,-,Unknown,Public Display,-
NOA0002826,3,TRANSPORT,-,FEMALE,Killer Whale; Orca,1-Jan-62,-,Sea World LLC,27-Apr-86,Unknown,Public Display,DEAD
NOA0002835,1,CAPTURE,-,MALE,Killer Whale; Orca,1-Jan-65,16-Aug-75,Marineland of Canada,1-Oct-75,Marineland of Canada,Public Display,-
NOA0002835,2,TRANSFER,-,MALE,Killer Whale; Orca,1-Jan-65,-,Sea World LLC,-,Unknown,Public Display,-
NOA0002835,3,TRANSPORT,-,MALE,Killer Whale; Orca,1-Jan-65,-,Sea World LLC,9-Jan-87,Unknown,Public Display,DEAD
NOA0002846,1,CAPTURE,-,MALE,Killer Whale; Orca,1-Jan-58,10-May-68,"Twentieth Century-Fox Marineland, Inc.",10-May-68,"Twentieth Century-Fox Marineland, Inc.",Public Display,-
NOA0002846,2,TRANSFER,-,MALE,Killer Whale; Orca,1-Jan-58,-,Hanna-Barbera's Marineland (Marineland of the Pacific),-,Hanna-Barbera's Marineland (Marineland of the Pacific),Public Display,-
NOA0002846,3,TRANSPORT,-,MALE,Killer Whale; Orca,1-Jan-58,-,Hanna-Barbera's Marineland (Marineland of the Pacific),7-Nov-77,Hanna-Barbera's Marineland (Marineland of the Pacific),Public Display,-
NOA0002846,4,TRANSFER,-,MALE,Killer Whale; Orca,1-Jan-58,-,Marineland Amusements Corporation,-,Marineland Amusements Corporation,Public Display,-
NOA0002846,5,TRANSPORT,-,MALE,Killer Whale; Orca,1-Jan-58,-,Marineland Amusements Corporation,11-Jan-82,Marineland Amusements Corporation,Public Display,-
NOA0002846,6,TRANSFER,-,MALE,Killer Whale; Orca,1-Jan-58,-,Sea World LLC,-,Sea World of California,Public Display,-
NOA0002846,7,TRANSPORT,-,MALE,Killer Whale; Orca,1-Jan-58,-,Sea World LLC,21-Jan-87,Sea World of California,Public Display,DEAD
NOA0002847,1,CAPTURE,-,FEMALE,Killer Whale; Orca,-,Unknown,"Twentieth Century-Fox Marineland, Inc.",27-Dec-69,"Twentieth Century-Fox Marineland, Inc.",Public Display,-
NOA0002847,2,TRANSFER,-,FEMALE,Killer Whale; Orca,-,-,Hanna-Barbera's Marineland (Marineland of the Pacific),-,Hanna-Barbera's Marineland (Marineland of the Pacific),Public Display,-
NOA0002847,3,TRANSPORT,-,FEMALE,Killer Whale; Orca,-,-,Hanna-Barbera's Marineland (Marineland of the Pacific),7-Nov-77,Hanna-Barbera's Marineland (Marineland of the Pacific),Public Display,-
NOA0002847,4,TRANSFER,-,FEMALE,Killer Whale; Orca,-,-,Marineland Amusements Corporation,-,Marineland Amusements Corporation,Public Display,-
NOA0002847,5,TRANSPORT,-,FEMALE,Killer Whale; Orca,-,-,Marineland Amusements Corporation,11-Jan-82,Marineland Amusements Corporation,Public Display,-
NOA0002847,6,TRANSFER,-,FEMALE,Killer Whale; Orca,-,-,Sea World LLC,-,Sea World of California,Public Display,-
NOA0002847,7,TRANSPORT,-,FEMALE,Killer Whale; Orca,-,-,Sea World LLC,21-Jan-87,Sea World of California,Public Display,ALIVE
NOA0002916,1,CAPTURE,-,MALE,Beluga Whale,-,18-Jul-87,unreported facility in unspecified foreign country,22-Jul-87,Sea World of California,Public Display,-
NOA0002916,2,TRANSFER,-,MALE,Beluga Whale,-,-,Sea World LLC,-,Sea World of Texas,Public Display,-
NOA0002916,3,TRANSPORT,-,MALE,Beluga Whale,-,-,Sea World LLC,12-Nov-91,Sea World of Texas,Public Display,DEAD
NOA0002917,1,CAPTURE,-,FEMALE,Beluga Whale,-,19-Jul-87,unreported facility in unspecified foreign country,22-Jul-87,Sea World of California,Public Display,-
NOA0002917,2,TRANSFER,-,FEMALE,Beluga Whale,-,-,Sea World LLC,-,Sea World of Texas,Public Display,-
NOA0002917,3,TRANSPORT,-,FEMALE,Beluga Whale,-,-,Sea World LLC,15-Feb-88,Sea World of Texas,Public Display,DEAD
NOA0002918,1,CAPTURE,-,FEMALE,Beluga Whale,-,19-Jul-87,unreported facility in unspecified foreign country,22-Jul-87,Sea World of California,Public Display,-
NOA0002918,2,TRANSFER,-,FEMALE,Beluga Whale,-,-,Sea World LLC,-,Sea World of Florida,Public Display,-
NOA0002918,3,TRANSPORT,-,FEMALE,Beluga Whale,-,-,Sea World LLC,5-May-95,Sea World of Florida,Public Display,DEAD
NOA0002919,1,CAPTURE,-,MALE,Beluga Whale,-,20-Jul-87,unreported facility in unspecified foreign country,22-Jul-87,Sea World of California,Public Display,-
NOA0002919,2,TRANSFER,-,MALE,Beluga Whale,-,-,Sea World LLC,-,Sea World of Florida,Public Display,-
NOA0002919,3,TRANSPORT,-,MALE,Beluga Whale,-,-,Sea World LLC,5-May-95,Sea World of Florida,Public Display,-
NOA0002919,4,TRANSPORT,-,MALE,Beluga Whale,-,-,Sea World LLC,18-Oct-98,Sea World of Texas,Public Display,DEAD
NOA0002920,1,CAPTURE,-,FEMALE,Killer Whale; Orca,-,13-Nov-76,Zeedierenpark Harderwijk B V,Unknown,Zeedierenpark Harderwijk B V,Public Display,-
NOA0002920,2,TRANSFER,-,FEMALE,Killer Whale; Orca,-,-,Sea World LLC,-,Sea World of Florida,Public Display,-
NOA0002920,3,TRANSPORT,-,FEMALE,Killer Whale; Orca,-,-,Sea World LLC,17-Nov-87,Sea World of Florida,Public Display,DEAD
NOA0002947,1,CAPTURE,-,FEMALE,Beluga Whale,-,16-Jul-88,unreported facility in unspecified foreign country,21-Jul-88,Sea World of Texas,Public Display,-
NOA0002947,2,TRANSFER,-,FEMALE,Beluga Whale,-,-,Sea World LLC,-,Sea World of Florida,Public Display,-
NOA0002947,3,TRANSPORT,-,FEMALE,Beluga Whale,-,-,Sea World LLC,5-May-95,Sea World of Florida,Public Display,-
NOA0002947,4,TRANSPORT,-,FEMALE,Beluga Whale,-,-,Sea World LLC,18-Oct-98,Sea World of Texas,Public Display,ALIVE
NOA0002948,1,CAPTURE,-,FEMALE,Beluga Whale,-,17-Jul-88,unreported facility in unspecified foreign country,17-Jul-88,unreported facility in unspecified foreign country,Public Display,-
NOA0002948,2,TRANSFER,-,FEMALE,Beluga Whale,-,-,Sea World LLC,-,Sea World of Texas,Public Display,-
NOA0002948,3,TRANSPORT,-,FEMALE,Beluga Whale,-,-,Sea World LLC,21-Jul-88,Sea World of Texas,Public Display,DEAD
NOA0002949,1,CAPTURE,-,FEMALE,Beluga Whale,-,17-Jul-88,unreported facility in unspecified foreign country,17-Jul-88,unreported facility in unspecified foreign country,Public Display,-
NOA0002949,2,TRANSFER,-,FEMALE,Beluga Whale,-,-,Sea World LLC,-,Sea World of Texas,Public Display,-
NOA0002949,3,TRANSPORT,-,FEMALE,Beluga Whale,-,-,Sea World LLC,21-Jul-88,Sea World of Texas,Public Display,ALIVE
NOA0002950,1,CAPTURE,-,FEMALE,Beluga Whale,-,18-Jul-88,unreported facility in unspecified foreign country,18-Jul-88,unreported facility in unspecified foreign country,Public Display,-
NOA0002950,2,TRANSFER,-,FEMALE,Beluga Whale,-,-,Sea World LLC,-,Sea World of Texas,Public Display,-
NOA0002950,3,TRANSPORT,-,FEMALE,Beluga Whale,-,-,Sea World LLC,21-Jul-88,Sea World of Texas,Public Display,DEAD
NOA0002959,1,BIRTH,-,FEMALE,Killer Whale; Orca,23-Sep-88,23-Sep-88,Sea World LLC,23-Sep-88,Sea World of California,Public Display,ALIVE
NOA0002960,1,BIRTH,-,FEMALE,Killer Whale; Orca,4-Nov-88,4-Nov-88,Sea World LLC,29-Oct-94,Sea World of Texas,Public Display,DEAD
NOA0002961,1,BIRTH,-,FEMALE,Killer Whale; Orca,26-Nov-88,26-Nov-88,Sea World LLC,26-Nov-88,Sea World of Ohio,Public Display,-
NOA0002961,2,TRANSPORT,-,FEMALE,Killer Whale; Orca,26-Nov-88,-,Sea World LLC,4-Oct-99,Sea World of Texas,Public Display,-
NOA0002961,3,TRANSPORT,-,FEMALE,Killer Whale; Orca,26-Nov-88,-,Sea World LLC,18-Nov-06,Sea World of Florida,Public Display,ALIVE
NOA0002978,1,CAPTURE,-,FEMALE,Killer Whale; Orca,1-Jan-78,Unknown,Acuarama S A,Unknown,Acuarama S A,Public Display,-
NOA0002978,2,TRANSFER,-,FEMALE,Killer Whale; Orca,1-Jan-78,-,Sea World LLC,-,Unknown,Public Display,-
NOA0002978,3,TRANSPORT,-,FEMALE,Killer Whale; Orca,1-Jan-78,-,Sea World LLC,3-May-89,Unknown,Public Display,DEAD
NOA0002984,1,BIRTH,-,FEMALE,Killer Whale; Orca,11-Jul-89,11-Jul-89,Sea World LLC,11-Jul-89,Sea World of Florida,Public Display,DEAD
NOA0003035,1,CAPTURE,-,FEMALE,Killer Whale; Orca,-,15-Nov-77,Windsor Safari Park,Unknown,Windsor Safari Park,Public Display,-
NOA0003035,2,TRANSFER,-,FEMALE,Killer Whale; Orca,-,-,Sea World LLC,-,Sea World of Ohio,Public Display,-
NOA0003035,3,TRANSPORT,-,FEMALE,Killer Whale; Orca,-,-,Sea World LLC,13-Apr-93,Sea World of Ohio,Public Display,-
NOA0003035,4,TRANSPORT,-,FEMALE,Killer Whale; Orca,-,-,Sea World LLC,5-Oct-99,Sea World of Texas,Public Display,DEAD
NOA0003036,1,CAPTURE,-,MALE,Killer Whale; Orca,-,1-Nov-83,"Sealand of the Pacific, Ltd.",1-Nov-84,"Sealand of the Pacific, Ltd.",Public Display,-
NOA0003036,2,TRANSFER,-,MALE,Killer Whale; Orca,-,-,Sea World LLC,-,Sea World of Florida,Public Display,-
NOA0003036,3,TRANSPORT,-,MALE,Killer Whale; Orca,-,-,Sea World LLC,9-Jan-92,Sea World of Florida,Public Display,DEAD
NOA0003037,1,BIRTH,-,FEMALE,Killer Whale; Orca,9-Jul-91,9-Jul-91,Sea World LLC,9-Jul-91,Sea World of California,Public Display,-
NOA0003037,2,TRANSPORT,-,FEMALE,Killer Whale; Orca,9-Jul-91,-,Sea World LLC,24-Apr-04,Sea World of Florida,Public Display,-
NOA0003037,3,TRANSPORT,-,FEMALE,Killer Whale; Orca,9-Jul-91,-,Sea World LLC,5-Feb-09,Sea World of Texas,Public Display,ALIVE
NOA0003051,1,CAPTURE,-,FEMALE,Beluga Whale,1-Jan-84,24-Jul-87,unreported facility in unspecified foreign country,2-Aug-87,New York Aquarium,Public Display,-
NOA0003051,2,TRANSFER,KIA,FEMALE,Beluga Whale,1-Jan-84,-,National Aquarium in Baltimore,-,National Aquarium in Baltimore,Public Display,-
NOA0003051,3,TRANSPORT,-,FEMALE,Beluga Whale,1-Jan-84,-,National Aquarium in Baltimore,24-Jul-88,National Aquarium in Baltimore,Public Display,-
NOA0003051,4,TRANSPORT,-,FEMALE,Beluga Whale,1-Jan-84,-,National Aquarium in Baltimore,19-Mar-92,Sea World of Texas,Public Display,DEAD
NOA0003052,1,CAPTURE,-,FEMALE,Beluga Whale,1-Jan-84,29-Jul-87,unreported facility in unspecified foreign country,2-Aug-87,New York Aquarium,Public Display,-
NOA0003052,2,TRANSFER,SIKKU,FEMALE,Beluga Whale,1-Jan-84,-,National Aquarium in Baltimore,-,National Aquarium in Baltimore,Public Display,-
NOA0003052,3,TRANSPORT,-,FEMALE,Beluga Whale,1-Jan-84,-,National Aquarium in Baltimore,4-Sep-90,National Aquarium in Baltimore,Public Display,-
NOA0003052,4,TRANSPORT,-,FEMALE,Beluga Whale,1-Jan-84,-,National Aquarium in Baltimore,19-Mar-92,Sea World of Texas,Public Display,-
NOA0003052,5,TRANSFER,-,FEMALE,Beluga Whale,1-Jan-84,-,Sea World LLC,-,Sea World of Texas,Public Display,DEAD
NOA0003053,1,BIRTH,-,MALE,Killer Whale; Orca,15-Aug-89,15-Aug-89,Marineland of Canada,15-Aug-89,Marineland of Canada,Public Display,-
NOA0003053,2,TRANSFER,-,MALE,Killer Whale; Orca,15-Aug-89,-,Sea World LLC,-,Sea World of California,Public Display,-
NOA0003053,3,TRANSPORT,-,MALE,Killer Whale; Orca,15-Aug-89,-,Sea World LLC,17-Apr-92,Sea World of California,Public Display,DEAD
NOA0003068,1,CAPTURE,-,FEMALE,Killer Whale; Orca,-,1-Jan-82,"Sealand of the Pacific, Ltd.",6-May-83,"Sealand of the Pacific, Ltd.",Public Display,-
NOA0003068,2,TRANSFER,-,FEMALE,Killer Whale; Orca,-,-,Sea World LLC,-,Sea World of Texas,Public Display,-
NOA0003068,3,TRANSPORT,-,FEMALE,Killer Whale; Orca,-,-,Sea World LLC,8-Jan-93,Sea World of Texas,Public Display,DEAD
NOA0003069,1,BIRTH,-,MALE,Killer Whale; Orca,24-Dec-91,24-Dec-91,"Sealand of the Pacific, Ltd.",24-Dec-91,"Sealand of the Pacific, Ltd.",Public Display,-
NOA0003069,2,TRANSFER,-,MALE,Killer Whale; Orca,24-Dec-91,-,Sea World LLC,-,Sea World of Texas,Public Display,-
NOA0003069,3,TRANSPORT,-,MALE,Killer Whale; Orca,24-Dec-91,-,Sea World LLC,8-Jan-93,Sea World of Texas,Public Display,ALIVE
NOA0003070,1,CAPTURE,-,FEMALE,Killer Whale; Orca,1-Jan-80,1-Jan-82,"Sealand of the Pacific, Ltd.",6-May-83,"Sealand of the Pacific, Ltd.",Public Display,-
NOA0003070,2,TRANSFER,-,FEMALE,Killer Whale; Orca,1-Jan-80,-,Sea World LLC,-,Unknown,Public Display,-
NOA0003070,3,TRANSPORT,-,FEMALE,Killer Whale; Orca,1-Jan-80,-,Sea World LLC,8-Jan-93,Unknown,Public Display,DEAD
NOA0003071,1,BIRTH,-,MALE,Beluga Whale,8-Aug-92,8-Aug-92,Sea World LLC,8-Aug-92,Sea World of Texas,Public Display,-
NOA0003071,2,TRANSPORT,-,MALE,Beluga Whale,8-Aug-92,-,Sea World LLC,20-Apr-97,Sea World of California,Public Display,-
NOA0003071,3,TRANSPORT,-,MALE,Beluga Whale,8-Aug-92,-,Sea World LLC,21-Nov-98,Point Defiance Zoo and Aquarium,Public Display,-
NOA0003071,4,TRANSPORT,-,MALE,Beluga Whale,8-Aug-92,-,Sea World LLC,13-May-09,Sea World of Texas,Public Display,-
NOA0003071,5,TRANSPORT,-,MALE,Beluga Whale,8-Aug-92,-,Sea World LLC,22-Feb-10,Georgia Aquarium,Public Display,-
NOA0003071,6,TRANSPORT,-,MALE,Beluga Whale,8-Aug-92,-,Sea World LLC,19-Oct-14,Shedd (John G.) Aquarium,Public Display,ALIVE
NOA0003082,1,BIRTH,-,MALE,Beluga Whale,25-Sep-93,25-Sep-93,Sea World LLC,25-Sep-93,Sea World of Texas,Public Display,DEAD
NOA0003083,1,BIRTH,-,MALE,Beluga Whale,13-Sep-93,13-Sep-93,Sea World LLC,13-Sep-93,Sea World of Texas,Public Display,-
NOA0003083,2,TRANSPORT,-,MALE,Beluga Whale,13-Sep-93,-,Sea World LLC,20-Apr-97,Sea World of California,Public Display,-
NOA0003083,3,TRANSPORT,-,MALE,Beluga Whale,13-Sep-93,-,Sea World LLC,21-Nov-98,Point Defiance Zoo and Aquarium,Public Display,DEAD
NOA0003087,1,BIRTH,-,MALE,Killer Whale; Orca,2-Feb-93,2-Feb-93,Sea World LLC,2-Feb-93,Sea World of Texas,Public Display,-
NOA0003087,2,TRANSPORT,-,MALE,Killer Whale; Orca,2-Feb-93,-,Sea World LLC,7-Nov-99,Sea World of California,Public Display,-
NOA0003087,3,TRANSPORT,-,MALE,Killer Whale; Orca,2-Feb-93,-,Sea World LLC,15-Apr-00,Sea World of Ohio,Public Display,-
NOA0003087,4,TRANSPORT,-,MALE,Killer Whale; Orca,2-Feb-93,-,Sea World LLC,15-Feb-01,Sea World of California,Public Display,-
NOA0003087,5,TRANSPORT,-,MALE,Killer Whale; Orca,2-Feb-93,-,Sea World LLC,24-Apr-04,Sea World of Texas,Public Display,-
NOA0003087,6,TRANSPORT,-,MALE,Killer Whale; Orca,2-Feb-93,-,Sea World LLC,27-Feb-12,Sea World of California,Public Display,ALIVE
NOA0003088,1,BIRTH,-,MALE,Killer Whale; Orca,9-Sep-93,9-Sep-93,Sea World LLC,9-Sep-93,Sea World of Florida,Public Display,-
NOA0003088,2,TRANSPORT,-,MALE,Killer Whale; Orca,9-Sep-93,-,Sea World LLC,18-Nov-06,Sea World of Texas,Public Display,DEAD
NOA0003089,1,BIRTH,-,FEMALE,Killer Whale; Orca,31-Dec-93,31-Dec-93,Sea World LLC,31-Dec-93,Sea World of Florida,Public Display,DEAD
NOA0003091,1,CAPTURE,-,MALE,Killer Whale; Orca,1-Jan-78,19-Nov-80,unreported facility in unspecified foreign country,30-Dec-81,unreported facility in unspecified foreign country,Public Display,-
NOA0003091,2,TRANSFER,-,MALE,Killer Whale; Orca,1-Jan-78,-,Parc Zoologic De Barcelona,-,Parc Zoologic De Barcelona,Public Display,-
NOA0003091,3,TRANSPORT,-,MALE,Killer Whale; Orca,1-Jan-78,-,Parc Zoologic De Barcelona,30-Dec-85,Parc Zoologic De Barcelona,Public Display,-
NOA0003091,4,TRANSPORT,-,MALE,Killer Whale; Orca,1-Jan-78,-,Parc Zoologic De Barcelona,9-Feb-94,Sea World of California,Public Display,ALIVE
NOA0003108,1,BIRTH,-,FEMALE,Killer Whale; Orca,20-Nov-94,20-Nov-94,Sea World LLC,20-Nov-94,Sea World of Texas,Public Display,DEAD
NOA0003168,1,BIRTH,-,FEMALE,Killer Whale; Orca,18-Jun-82,18-Jun-82,Marineland Amusements Corporation,18-Jun-82,Marineland Amusements Corporation,Public Display,DEAD
NOA0003419,1,CAPTURE,HUGO,MALE,Killer Whale; Orca,1-Jan-65,22-Mar-67,Miami Seaquarium,Unknown,Miami Seaquarium,Public Display,DEAD
NOA0003420,1,CAPTURE,TOKITAE (LOLITA),FEMALE,Killer Whale; Orca,1-Jan-67,24-Sep-70,Miami Seaquarium,Unknown,Miami Seaquarium,Public Display,ALIVE
NOA0003699,1,CAPTURE,-,FEMALE,Beluga Whale,1-Jan-86,28-Jul-89,unreported facility in unspecified foreign country,Unknown,unreported facility in unspecified foreign country,Public Display,-
NOA0003699,2,TRANSFER,IMMIAYUK,FEMALE,Beluga Whale,1-Jan-86,-,Shedd (John G.) Aquarium,-,Shedd (John G.) Aquarium,Public Display,-
NOA0003699,3,TRANSPORT,-,FEMALE,Beluga Whale,1-Jan-86,-,Shedd (John G.) Aquarium,4-Mar-91,Shedd (John G.) Aquarium,Public Display,DEAD
NOA0003700,1,CAPTURE,-,FEMALE,Beluga Whale,1-Jan-86,1-Aug-89,unreported facility in unspecified foreign country,Unknown,unreported facility in unspecified foreign country,Public Display,-
NOA0003700,2,TRANSFER,PUIJI,FEMALE,Beluga Whale,1-Jan-86,-,Shedd (John G.) Aquarium,-,Shedd (John G.) Aquarium,Public Display,-
NOA0003700,3,TRANSPORT,-,FEMALE,Beluga Whale,1-Jan-86,-,Shedd (John G.) Aquarium,4-Mar-91,Shedd (John G.) Aquarium,Public Display,-
NOA0003700,4,TRANSPORT,-,FEMALE,Beluga Whale,1-Jan-86,-,Shedd (John G.) Aquarium,30-Aug-08,Mystic Aquarium,Public Display,-
NOA0003700,5,TRANSPORT,-,FEMALE,Beluga Whale,1-Jan-86,-,Shedd (John G.) Aquarium,25-Apr-09,Shedd (John G.) Aquarium,Public Display,DEAD
NOA0003704,1,CAPTURE,-,FEMALE,Beluga Whale,1-Jan-89,13-Aug-92,unreported facility in Canada,Unknown,unreported facility in Canada,Public Display,-
NOA0003704,2,TRANSFER,-,FEMALE,Beluga Whale,1-Jan-89,-,Shedd (John G.) Aquarium,-,Shedd (John G.) Aquarium,Public Display,-
NOA0003704,3,TRANSPORT,-,FEMALE,Beluga Whale,1-Jan-89,-,Shedd (John G.) Aquarium,18-Aug-92,Shedd (John G.) Aquarium,Public Display,DEAD
NOA0003705,1,CAPTURE,-,MALE,Beluga Whale,1-Jan-89,14-Aug-92,unreported facility in Canada,Unknown,unreported facility in Canada,Public Display,-
NOA0003705,2,TRANSFER,-,MALE,Beluga Whale,1-Jan-89,-,Shedd (John G.) Aquarium,-,Shedd (John G.) Aquarium,Public Display,-
NOA0003705,3,TRANSPORT,-,MALE,Beluga Whale,1-Jan-89,-,Shedd (John G.) Aquarium,18-Aug-92,Shedd (John G.) Aquarium,Public Display,DEAD
NOA0003706,1,CAPTURE,-,MALE,Beluga Whale,1-Jan-86,14-Aug-92,Shedd (John G.) Aquarium,Unknown,unreported facility in Canada,Public Display,-
NOA0003706,2,TRANSFER,-,MALE,Beluga Whale,1-Jan-86,-,Shedd (John G.) Aquarium,-,Shedd (John G.) Aquarium,Public Display,-
NOA0003706,3,TRANSPORT,NALUARK,MALE,Beluga Whale,1-Jan-86,-,Shedd (John G.) Aquarium,18-Aug-92,Shedd (John G.) Aquarium,Public Display,-
NOA0003706,4,TRANSPORT,-,MALE,Beluga Whale,1-Jan-86,-,Shedd (John G.) Aquarium,15-Nov-01,Mystic Aquarium,Public Display,-
NOA0003706,5,TRANSPORT,-,MALE,Beluga Whale,1-Jan-86,-,Shedd (John G.) Aquarium,6-Dec-03,Shedd (John G.) Aquarium,Public Display,-
NOA0003706,6,TRANSPORT,-,MALE,Beluga Whale,1-Jan-86,-,Shedd (John G.) Aquarium,30-Aug-08,Mystic Aquarium,Public Display,-
NOA0003706,7,TRANSPORT,-,MALE,Beluga Whale,1-Jan-86,-,Shedd (John G.) Aquarium,25-Apr-09,Shedd (John G.) Aquarium,Public Display,-
NOA0003706,8,TRANSPORT,-,MALE,Beluga Whale,1-Jan-86,-,Shedd (John G.) Aquarium,16-Oct-11,Mystic Aquarium,Public Display,-
NOA0003706,9,TRANSPORT,-,MALE,Beluga Whale,1-Jan-86,-,Shedd (John G.) Aquarium,7-Feb-16,Sea World of Florida,Public Display,ALIVE
NOA0003707,1,CAPTURE,-,FEMALE,Beluga Whale,1-Jan-89,17-Aug-92,unreported facility in Canada,Unknown,unreported facility in Canada,Public Display,-
NOA0003707,2,TRANSFER,-,FEMALE,Beluga Whale,1-Jan-89,-,Shedd (John G.) Aquarium,-,Shedd (John G.) Aquarium,Public Display,-
NOA0003707,3,TRANSPORT,NAYA,FEMALE,Beluga Whale,1-Jan-89,-,Shedd (John G.) Aquarium,18-Aug-92,Shedd (John G.) Aquarium,Public Display,-
NOA0003707,4,TRANSPORT,-,FEMALE,Beluga Whale,1-Jan-89,-,Shedd (John G.) Aquarium,16-Mar-97,Point Defiance Zoo and Aquarium,Public Display,-
NOA0003707,5,TRANSPORT,NAYA,FEMALE,Beluga Whale,1-Jan-89,-,Shedd (John G.) Aquarium,10-Jan-99,Shedd (John G.) Aquarium,Public Display,-
NOA0003707,6,TRANSPORT,-,FEMALE,Beluga Whale,1-Jan-89,-,Shedd (John G.) Aquarium,4-Sep-08,Mystic Aquarium,Public Display,-
NOA0003707,7,TRANSPORT,NAYA,FEMALE,Beluga Whale,1-Jan-89,-,Shedd (John G.) Aquarium,25-Apr-09,Shedd (John G.) Aquarium,Public Display,ALIVE
NOA0004863,1,CAPTURE,-,MALE,Beluga Whale,15-Jun-71,3-Aug-77,unreported facility in unspecified foreign country,Unknown,unreported facility in unspecified foreign country,Scientific Research,-
NOA0004863,2,TRANSFER,CHU,MALE,Beluga Whale,15-Jun-71,-,"Navy, U.S. (SPAWAR)",-,"Navy, U.S. (SPAWAR)",Scientific Research,-
NOA0004863,3,TRANSPORT,-,MALE,Beluga Whale,15-Jun-71,-,"Navy, U.S. (SPAWAR)",3-Aug-77,"Navy, U.S. (SPAWAR)",Scientific Research,DEAD
NOA0004864,1,CAPTURE,-,FEMALE,Beluga Whale,15-Jun-67,1-Aug-77,unreported facility in unspecified foreign country,5-Aug-77,unreported facility in unspecified foreign country,Scientific Research,-
NOA0004864,2,TRANSFER,MUK,FEMALE,Beluga Whale,15-Jun-67,-,"Navy, U.S. (SPAWAR)",-,"Navy, U.S. (SPAWAR)",Scientific Research,-
NOA0004864,3,TRANSPORT,-,FEMALE,Beluga Whale,15-Jun-67,-,"Navy, U.S. (SPAWAR)",1-Aug-77,"Navy, U.S. (SPAWAR)",Scientific Research,-
NOA0004864,4,TRANSPORT,-,FEMALE,Beluga Whale,15-Jun-67,-,"Navy, U.S. (SPAWAR)",7-Feb-01,Sea World of California,Public Display,DEAD
NOA0004865,1,CAPTURE,NOC,MALE,Beluga Whale,15-Jun-75,4-Aug-77,"Navy, U.S. (SPAWAR)",10-Aug-77,"Navy, U.S. (SPAWAR)",Scientific Research,DEAD
NOA0004936,1,CAPTURE,-,FEMALE,Beluga Whale,15-Jun-78,15-Jul-80,unreported facility in unspecified foreign country,22-Jul-80,unreported facility in unspecified foreign country,Scientific Research,-
NOA0004936,2,TRANSFER,RUB,FEMALE,Beluga Whale,15-Jun-78,-,"Navy, U.S. (SPAWAR)",-,"Navy, U.S. (SPAWAR)",Scientific Research,-
NOA0004936,3,TRANSPORT,-,FEMALE,Beluga Whale,15-Jun-78,-,"Navy, U.S. (SPAWAR)",22-Jul-80,"Navy, U.S. (SPAWAR)",Scientific Research,-
NOA0004936,4,TRANSPORT,-,FEMALE,Beluga Whale,15-Jun-78,-,"Navy, U.S. (SPAWAR)",18-Apr-97,Sea World of California,Scientific Research,DEAD
NOA0004937,1,CAPTURE,-,FEMALE,Beluga Whale,15-Jun-78,16-Jul-80,unreported facility in unspecified foreign country,22-Jul-80,unreported facility in unspecified foreign country,Scientific Research,-
NOA0004937,2,TRANSFER,LLY,FEMALE,Beluga Whale,15-Jun-78,-,"Navy, U.S. (SPAWAR)",-,"Navy, U.S. (SPAWAR)",Scientific Research,-
NOA0004937,3,TRANSPORT,-,FEMALE,Beluga Whale,15-Jun-78,-,"Navy, U.S. (SPAWAR)",22-Jul-80,"Navy, U.S. (SPAWAR)",Scientific Research,DEAD
NOA0004938,1,CAPTURE,-,FEMALE,Beluga Whale,15-Jun-77,16-Jul-80,unreported facility in unspecified foreign country,20-Jul-80,unreported facility in unspecified foreign country,Scientific Research,-
NOA0004938,2,TRANSFER,CHR,FEMALE,Beluga Whale,15-Jun-77,-,"Navy, U.S. (SPAWAR)",-,"Navy, U.S. (SPAWAR)",Scientific Research,-
NOA0004938,3,TRANSPORT,-,FEMALE,Beluga Whale,15-Jun-77,-,"Navy, U.S. (SPAWAR)",20-Jul-80,"Navy, U.S. (SPAWAR)",Scientific Research,DEAD
NOA0005191,1,CAPTURE,Mamuk,MALE,Killer Whale; Orca,1-Jan-64,15-Oct-68,"Sea-Arama, Inc. (not active)",Unknown,"Sea-Arama, Inc. (not active)",Public Display,DEAD
NOA0005192,1,CAPTURE,-,MALE,Killer Whale; Orca,1-Jan-68,20-Aug-70,"Sea-Arama, Inc. (not active)",Unknown,"Sea-Arama, Inc. (not active)",Public Display,DEAD
NOA0005449,1,CAPTURE,KIANU,FEMALE,Killer Whale; Orca,1-Jan-52,9-May-68,Marine World Africa USA,Unknown,Marine World Africa USA,Public Display,-
NOA0005449,2,TRANSFER,-,FEMALE,Killer Whale; Orca,1-Jan-52,-,unreported facility in Japan,-,unreported facility in Japan,unknown,-
NOA0005449,3,TRANSPORT,-,FEMALE,Killer Whale; Orca,1-Jan-52,-,unreported facility in Japan,Unknown,unreported facility in Japan,unknown,ALIVE
NOA0005473,1,BIRTH,-,MALE,Killer Whale; Orca,17-Jun-95,17-Jun-95,Sea World LLC,17-Jun-95,Sea World of Florida,Public Display,-
NOA0005473,2,TRANSPORT,-,MALE,Killer Whale; Orca,17-Jun-95,-,Sea World LLC,8-Mar-99,Sea World of California,Public Display,-
NOA0005473,3,TRANSPORT,-,MALE,Killer Whale; Orca,17-Jun-95,-,Sea World LLC,15-Apr-00,Sea World of Ohio,Public Display,-
NOA0005473,4,TRANSPORT,-,MALE,Killer Whale; Orca,17-Jun-95,-,Sea World LLC,18-Feb-01,Sea World of Texas,Public Display,-
NOA0005473,5,TRANSPORT,-,MALE,Killer Whale; Orca,17-Jun-95,-,Sea World LLC,13-Feb-06,Loro Parque S A,Public Display,-
NOA0005473,6,TRANSFER,-,MALE,Killer Whale; Orca,17-Jun-95,-,Loro Parque S A,-,Loro Parque S A,Public Display,ALIVE
NOA0005485,1,BIRTH,-,FEMALE,Beluga Whale,19-Jul-95,19-Jul-95,Sea World LLC,19-Jul-95,Sea World of Texas,Public Display,DEAD
NOA0005587,1,BIRTH,MARIS,FEMALE,Beluga Whale,28-Jul-94,28-Jul-94,Wildlife Conservation Society,28-Jul-94,New York Aquarium,Public Display,-
NOA0005587,2,TRANSPORT,-,FEMALE,Beluga Whale,28-Jul-94,-,Wildlife Conservation Society,18-Dec-02,Mystic Aquarium,Public Display,-
NOA0005587,3,TRANSPORT,-,FEMALE,Beluga Whale,28-Jul-94,-,Wildlife Conservation Society,26-May-05,New York Aquarium,Public Display,-
NOA0005587,4,TRANSPORT,MARIS,FEMALE,Beluga Whale,28-Jul-94,-,Wildlife Conservation Society,7-Nov-05,Georgia Aquarium,Public Display,-
NOA0005587,5,TRANSPORT,-,FEMALE,Beluga Whale,28-Jul-94,-,Wildlife Conservation Society,5-Oct-09,Sea World of Texas,Public Display,-
NOA0005587,6,TRANSPORT,-,FEMALE,Beluga Whale,28-Jul-94,-,Wildlife Conservation Society,22-Feb-10,Georgia Aquarium,Public Display,DEAD
NOA0005588,1,CAPTURE,-,MALE,Killer Whale; Orca,1-Jan-77,1-Nov-79,unreported facility in unspecified foreign country,Unknown,unreported facility in unspecified foreign country,Public Display,-
NOA0005588,2,TRANSFER,KEIKO,MALE,Killer Whale; Orca,1-Jan-77,-,Oregon Coast Aquarium,-,Oregon Coast Aquarium,Public Display,-
NOA0005588,3,TRANSPORT,-,MALE,Killer Whale; Orca,1-Jan-77,-,Oregon Coast Aquarium,7-Jan-96,Oregon Coast Aquarium,Public Display,-
NOA0005588,4,TRANSFER,-,MALE,Killer Whale; Orca,1-Jan-77,-,Free Willy Keiko Foundation,-,Oregon Coast Aquarium,Public Display,-
NOA0005588,5,TRANSPORT,-,MALE,Killer Whale; Orca,1-Jan-77,-,Free Willy Keiko Foundation,10-Sep-98,Klettsvik Cove Underwater Pen,Public Display,-
NOA0005588,6,TRANSFER,-,MALE,Killer Whale; Orca,1-Jan-77,-,Ocean Futures Society,-,Klettsvik Cove Underwater Pen,Public Display,-
NOA0005588,7,TRANSFER,-,MALE,Killer Whale; Orca,1-Jan-77,-,Free Willy Keiko Foundation,-,Klettsvik Cove Underwater Pen,Scientific Research,RELEASED
NOA0005645,1,BIRTH,-,FEMALE,Killer Whale; Orca,27-Dec-96,27-Dec-96,Sea World LLC,27-Dec-96,Sea World of Florida,Public Display,-
NOA0005645,2,TRANSPORT,-,FEMALE,Killer Whale; Orca,27-Dec-96,-,Sea World LLC,7-Dec-02,Sea World of Texas,Public Display,DEAD
NOA0005752,1,BIRTH,-,FEMALE,Beluga Whale,19-Jun-98,19-Jun-98,Sea World LLC,19-Jun-98,Sea World of Texas,Public Display,DEAD
NOA0005770,1,BIRTH,-,MALE,Killer Whale; Orca,14-May-98,14-May-98,Sea World LLC,14-May-98,Sea World of Florida,Public Display,-
NOA0005770,2,TRANSPORT,-,MALE,Killer Whale; Orca,14-May-98,-,Sea World LLC,8-Mar-99,Sea World of California,Public Display,-
NOA0005770,3,TRANSPORT,-,MALE,Killer Whale; Orca,14-May-98,-,Sea World LLC,15-Apr-00,Sea World of Ohio,Public Display,-
NOA0005770,4,TRANSPORT,-,MALE,Killer Whale; Orca,14-May-98,-,Sea World LLC,18-Feb-01,Sea World of California,Public Display,DEAD
NOA0005797,1,CAPTURE,-,MALE,Beluga Whale,1-Jan-83,15-Aug-90,unreported facility in unspecified foreign country,15-Aug-90,unreported facility in unspecified foreign country,Public Display,-
NOA0005797,2,TRANSFER,-,MALE,Beluga Whale,1-Jan-83,-,Vancouver Aquarium,-,Sea World of California,Public Display,-
NOA0005797,3,TRANSPORT,-,MALE,Beluga Whale,1-Jan-83,-,Vancouver Aquarium,27-Jul-97,Sea World of California,Public Display,-
NOA0005797,4,TRANSPORT,-,MALE,Beluga Whale,1-Jan-83,-,Vancouver Aquarium,12-Feb-05,Sea World of Texas,Public Display,-
NOA0005797,5,TRANSPORT,-,MALE,Beluga Whale,1-Jan-83,-,Vancouver Aquarium,27-Jan-08,Sea World of California,Public Display,-
NOA0005797,6,TRANSPORT,-,MALE,Beluga Whale,1-Jan-83,-,Vancouver Aquarium,31-May-14,Sea World of Florida,Public Display,DEAD
NOA0005840,1,BIRTH,-,MALE,Killer Whale; Orca,22-Jun-99,22-Jun-99,Sea World LLC,22-Jun-99,Sea World of Florida,Public Display,-
NOA0005840,2,TRANSPORT,-,MALE,Killer Whale; Orca,22-Jun-99,-,Sea World LLC,25-Apr-04,Sea World of Texas,Public Display,ALIVE
NOA0005850,1,BIRTH,-,MALE,Beluga Whale,23-Jul-99,23-Jul-99,Shedd (John G.) Aquarium,23-Jul-99,Shedd (John G.) Aquarium,Public Display,DEAD
NOA0005851,1,BIRTH,KAYAVAK,FEMALE,Beluga Whale,3-Aug-99,3-Aug-99,Shedd (John G.) Aquarium,3-Aug-99,Shedd (John G.) Aquarium,Public Display,-
NOA0005851,2,TRANSPORT,-,FEMALE,Beluga Whale,3-Aug-99,-,Shedd (John G.) Aquarium,30-Aug-08,Mystic Aquarium,Public Display,-
NOA0005851,3,TRANSPORT,KAYAVAK,FEMALE,Beluga Whale,3-Aug-99,-,Shedd (John G.) Aquarium,2-May-09,Shedd (John G.) Aquarium,Public Display,ALIVE
NOA0005856,1,BIRTH,-,FEMALE,Beluga Whale,25-Jul-99,25-Jul-99,Sea World LLC,25-Jul-99,Sea World of Texas,Public Display,-
NOA0005856,2,TRANSPORT,-,FEMALE,Beluga Whale,25-Jul-99,-,Sea World LLC,21-Nov-10,Sea World of Florida,Public Display,ALIVE
NOA0005857,1,BIRTH,-,MALE,Beluga Whale,27-Jul-99,27-Jul-99,Sea World LLC,27-Jul-99,Sea World of Florida,Public Display,DEAD
NOA0005912,1,BIRTH,-,FEMALE,Beluga Whale,24-Jul-00,24-Jul-00,Sea World LLC,24-Jul-00,Sea World of Texas,Public Display,ALIVE
NOA0005931,1,BIRTH,-,MALE,Killer Whale; Orca,8-Nov-00,8-Nov-00,Sea World LLC,8-Nov-00,Sea World of Florida,Public Display,-
NOA0005931,2,TRANSPORT,-,MALE,Killer Whale; Orca,8-Nov-00,-,Sea World LLC,25-Apr-04,Sea World of Texas,Public Display,-
NOA0005931,3,TRANSPORT,-,MALE,Killer Whale; Orca,8-Nov-00,-,Sea World LLC,13-Feb-06,Loro Parque S A,Public Display,-
NOA0005931,4,TRANSFER,-,MALE,Killer Whale; Orca,8-Nov-00,-,Loro Parque S A,-,Loro Parque S A,Public Display,ALIVE
NOA0005948,1,CAPTURE,-,FEMALE,Killer Whale; Orca,1-Nov-78,20-Dec-80,Vancouver Aquarium,Unknown,Vancouver Aquarium,Public Display,-
NOA0005948,2,TRANSFER,-,FEMALE,Killer Whale; Orca,1-Nov-78,-,Sea World LLC,-,Sea World of California,Public Display,-
NOA0005948,3,TRANSPORT,-,FEMALE,Killer Whale; Orca,1-Nov-78,-,Sea World LLC,22-Apr-01,Sea World of California,Public Display,DEAD
NOA0005995,1,BIRTH,-,MALE,Killer Whale; Orca,1-Sep-01,1-Sep-01,Sea World LLC,1-Sep-01,Sea World of California,Public Display,ALIVE
NOA0006021,1,BIRTH,-,FEMALE,Killer Whale; Orca,3-May-02,3-May-02,Sea World LLC,3-May-02,Sea World of California,Public Display,-
NOA0006021,2,TRANSPORT,-,FEMALE,Killer Whale; Orca,3-May-02,-,Sea World LLC,24-Apr-04,Sea World of Florida,Public Display,-
NOA0006021,3,TRANSPORT,-,FEMALE,Killer Whale; Orca,3-May-02,-,Sea World LLC,13-Feb-06,Loro Parque S A,Public Display,-
NOA0006021,4,TRANSFER,-,FEMALE,Killer Whale; Orca,3-May-02,-,Loro Parque S A,-,Loro Parque S A,Public Display,ALIVE
NOA0006061,1,BIRTH,-,MALE,Killer Whale; Orca,25-Aug-02,25-Aug-02,Sea World LLC,25-Aug-02,Sea World of Florida,Public Display,-
NOA0006061,2,TRANSPORT,-,MALE,Killer Whale; Orca,25-Aug-02,-,Sea World LLC,18-Nov-06,Marineland of Canada,Public Display,-
NOA0006061,3,TRANSPORT,-,MALE,Killer Whale; Orca,25-Aug-02,-,Sea World LLC,13-Nov-11,Sea World of California,Public Display,ALIVE
NOA0006172,1,BIRTH,-,FEMALE,Killer Whale; Orca,9-Feb-04,9-Feb-04,Sea World LLC,9-Feb-04,Sea World of Florida,Public Display,-
NOA0006172,2,TRANSPORT,-,FEMALE,Killer Whale; Orca,9-Feb-04,-,Sea World LLC,13-Feb-06,Loro Parque S A,Public Display,-
NOA0006172,3,TRANSFER,-,FEMALE,Killer Whale; Orca,9-Feb-04,-,Loro Parque S A,-,Loro Parque S A,Public Display,ALIVE
NOA0006225,1,CAPTURE,-,MALE,Beluga Whale,1-Jan-70,31-Jul-75,unreported facility in unspecified foreign country,31-Jul-75,unreported facility in unspecified foreign country,Public Display,-
NOA0006225,2,TRANSFER,-,MALE,Beluga Whale,1-Jan-70,-,Sea World LLC,-,Sea World of California,Public Display,-
NOA0006225,3,TRANSPORT,-,MALE,Beluga Whale,1-Jan-70,-,Sea World LLC,12-Sep-04,Sea World of California,Public Display,ALIVE
NOA0006239,1,BIRTH,-,FEMALE,Killer Whale; Orca,21-Dec-04,21-Dec-04,Sea World LLC,21-Dec-04,Sea World of California,Public Display,ALIVE
NOA0006283,1,CAPTURE,-,FEMALE,Beluga Whale,-,21-Jun-85,Vancouver Aquarium,1-Aug-85,Vancouver Aquarium,Public Display,-
NOA0006283,2,TRANSFER,-,FEMALE,Beluga Whale,-,-,Vancouver Aquarium,-,Sea World of California,Public Display,-
NOA0006283,3,TRANSPORT,-,FEMALE,Beluga Whale,-,-,Vancouver Aquarium,24-Jul-05,Sea World of California,Public Display,ALIVE
NOA0006291,1,CAPTURE,-,MALE,Beluga Whale,-,1-Jan-97,unreported facility in unspecified foreign country,Unknown,unreported facility in unspecified foreign country,Public Display,-
NOA0006291,2,TRANSFER,GASPER,MALE,Beluga Whale,-,-,Georgia Aquarium,-,Georgia Aquarium,Public Display,-
NOA0006291,3,TRANSPORT,GASPER,MALE,Beluga Whale,-,-,Georgia Aquarium,17-Oct-05,Georgia Aquarium,Public Display,DEAD
NOA0006292,1,CAPTURE,-,MALE,Beluga Whale,1-Jun-90,1-Jan-96,unreported facility in unspecified foreign country,Unknown,unreported facility in unspecified foreign country,Public Display,-
NOA0006292,2,TRANSFER,NICO,MALE,Beluga Whale,1-Jun-90,-,Georgia Aquarium,-,Georgia Aquarium,Public Display,-
NOA0006292,3,TRANSPORT,NICO,MALE,Beluga Whale,1-Jun-90,-,Georgia Aquarium,17-Oct-05,Georgia Aquarium,Public Display,-
NOA0006292,4,TRANSPORT,-,MALE,Beluga Whale,1-Jun-90,-,Georgia Aquarium,5-Oct-09,Sea World of Texas,Public Display,DEAD
NOA0006295,1,BIRTH,-,FEMALE,Killer Whale; Orca,9-Oct-05,9-Oct-05,Sea World LLC,9-Oct-05,Sea World of Texas,Public Display,DEAD
NOA0006301,1,BIRTH,-,MALE,Killer Whale; Orca,23-Nov-05,23-Nov-05,Sea World LLC,23-Nov-05,Sea World of Florida,Public Display,ALIVE
NOA0006355,1,BIRTH,BELLA,FEMALE,Beluga Whale,17-Jul-06,17-Jul-06,Shedd (John G.) Aquarium,17-Jul-06,Shedd (John G.) Aquarium,Public Display,-
NOA0006355,2,TRANSPORT,-,FEMALE,Beluga Whale,17-Jul-06,-,Shedd (John G.) Aquarium,30-Aug-08,Mystic Aquarium,Public Display,-
NOA0006355,3,TRANSPORT,BELLA,FEMALE,Beluga Whale,17-Jul-06,-,Shedd (John G.) Aquarium,25-Apr-09,Shedd (John G.) Aquarium,Public Display,ALIVE
NOA0006358,1,BIRTH,-,FEMALE,Killer Whale; Orca,18-Sep-06,18-Sep-06,Sea World LLC,18-Sep-06,Sea World of Florida,Public Display,ALIVE
NOA0006362,1,BIRTH,-,MALE,Beluga Whale,6-Jul-02,6-Jul-02,Marineland of Canada,6-Jul-02,Marineland of Canada,Public Display,-
NOA0006362,2,TRANSFER,-,MALE,Beluga Whale,6-Jul-02,-,Sea World LLC,-,Sea World of Florida,Public Display,-
NOA0006362,3,TRANSPORT,-,MALE,Beluga Whale,6-Jul-02,-,Sea World LLC,19-Nov-06,Sea World of Florida,Public Display,-
NOA0006362,4,TRANSPORT,JUNO,MALE,Beluga Whale,6-Jul-02,-,Sea World LLC,25-Jan-10,Mystic Aquarium,Public Display,ALIVE
NOA0006363,1,BIRTH,-,MALE,Beluga Whale,13-Jul-02,13-Jul-02,Marineland of Canada,13-Jul-02,Marineland of Canada,Public Display,-
NOA0006363,2,TRANSFER,-,MALE,Beluga Whale,13-Jul-02,-,Sea World LLC,-,Sea World of Florida,Public Display,-
NOA0006363,3,TRANSPORT,-,MALE,Beluga Whale,13-Jul-02,-,Sea World LLC,19-Nov-06,Sea World of Florida,Public Display,-
NOA0006363,4,TRANSPORT,-,MALE,Beluga Whale,13-Jul-02,-,Sea World LLC,1-Jun-14,Sea World of California,Public Display,ALIVE
NOA0006364,1,BIRTH,-,MALE,Beluga Whale,27-Jul-03,27-Jul-03,Marineland of Canada,27-Jul-03,Marineland of Canada,Public Display,-
NOA0006364,2,TRANSFER,AUKEK,MALE,Beluga Whale,27-Jul-03,-,Sea World LLC,-,Sea World of Florida,Public Display,-
NOA0006364,3,TRANSPORT,-,MALE,Beluga Whale,27-Jul-03,-,Sea World LLC,19-Nov-06,Sea World of Florida,Public Display,-
NOA0006364,4,TRANSFER,AUREK,MALE,Beluga Whale,27-Jul-03,-,Georgia Aquarium,-,Georgia Aquarium,Public Display,-
NOA0006364,5,TRANSPORT,AUREK,MALE,Beluga Whale,27-Jul-03,-,Georgia Aquarium,7-Feb-16,Georgia Aquarium,Public Display,-
NOA0006364,6,TRANSPORT,AUREK,MALE,Beluga Whale,27-Jul-03,-,Georgia Aquarium,24-Sep-17,Shedd (John G.) Aquarium,Public Display,ALIVE
NOA0006375,1,BIRTH,QANNIK,MALE,Beluga Whale,15-Jul-00,15-Jul-00,Point Defiance Zoo and Aquarium,15-Jul-00,Shedd (John G.) Aquarium,Public Display,-
NOA0006375,2,TRANSPORT,-,MALE,Beluga Whale,15-Jul-00,-,Point Defiance Zoo and Aquarium,10-Jun-07,Point Defiance Zoo and Aquarium,Public Display,DEAD
NOA0006378,1,BIRTH,-,FEMALE,Killer Whale; Orca,12-Mar-07,12-Mar-07,Sea World LLC,12-Mar-07,Sea World of Florida,Public Display,ALIVE
NOA0006410,1,BIRTH,-,MALE,Beluga Whale,26-Jun-07,26-Jun-07,Sea World LLC,26-Jun-07,Sea World of Texas,Public Display,-
NOA0006410,2,TRANSPORT,GRAYSON,MALE,Beluga Whale,26-Jun-07,-,Sea World LLC,21-Nov-10,Georgia Aquarium,Public Display,-
NOA0006410,3,TRANSPORT,GRAYSON,MALE,Beluga Whale,26-Jun-07,-,Sea World LLC,6-Feb-16,Shedd (John G.) Aquarium,Public Display,ALIVE
NOA0006414,1,BIRTH,-,MALE,Beluga Whale,23-Jun-07,23-Jun-07,Sea World LLC,23-Jun-07,Sea World of Texas,Public Display,ALIVE
NOA0006479,1,BIRTH,-,FEMALE,Beluga Whale,2-Jul-05,2-Jul-05,Marineland of Canada,2-Jul-05,Marineland of Canada,Public Display,-
NOA0006479,2,TRANSFER,-,FEMALE,Beluga Whale,2-Jul-05,-,Sea World LLC,-,Sea World of Florida,Public Display,-
NOA0006479,3,TRANSPORT,-,FEMALE,Beluga Whale,2-Jul-05,-,Sea World LLC,14-Jul-08,Sea World of Florida,Public Display,-
NOA0006479,4,TRANSFER,MAPLE,FEMALE,Beluga Whale,2-Jul-05,-,Georgia Aquarium,-,Georgia Aquarium,Public Display,-
NOA0006479,5,TRANSPORT,MAPLE,FEMALE,Beluga Whale,2-Jul-05,-,Georgia Aquarium,7-Feb-16,Georgia Aquarium,Public Display,ALIVE
NOA0006490,1,BIRTH,MIKI,MALE,Beluga Whale,16-Aug-07,16-Aug-07,Shedd (John G.) Aquarium,16-Aug-07,Shedd (John G.) Aquarium,Public Display,-
NOA0006490,2,TRANSPORT,-,MALE,Beluga Whale,16-Aug-07,-,Shedd (John G.) Aquarium,4-Sep-08,Mystic Aquarium,Public Display,-
NOA0006490,3,TRANSPORT,-,MALE,Beluga Whale,16-Aug-07,-,Shedd (John G.) Aquarium,2-May-09,Shedd (John G.) Aquarium,Public Display,-
NOA0006490,4,TRANSPORT,-,MALE,Beluga Whale,16-Aug-07,-,Shedd (John G.) Aquarium,7-Feb-16,Mystic Aquarium,Public Display,DEAD
NOA0006497,1,BIRTH,-,FEMALE,Beluga Whale,27-Jul-08,27-Jul-08,Sea World LLC,27-Jul-08,Sea World of Texas,Public Display,DEAD
NOA0006498,1,BIRTH,-,FEMALE,Beluga Whale,31-Jul-08,31-Jul-08,Vancouver Aquarium,31-Jul-08,Sea World of Texas,Public Display,-
NOA0006498,2,TRANSPORT,QINU,FEMALE,Beluga Whale,31-Jul-08,-,Vancouver Aquarium,21-Nov-10,Georgia Aquarium,Public Display,ALIVE
NOA0006540,1,BIRTH,-,FEMALE,Beluga Whale,12-Jun-09,12-Jun-09,Sea World LLC,12-Jun-09,Sea World of Texas,Public Display,DEAD
NOA0006601,1,BIRTH,-,FEMALE,Killer Whale; Orca,7-Jan-10,7-Jan-10,Sea World LLC,7-Jan-10,Sea World of Texas,Public Display,ALIVE
NOA0006607,1,BIRTH,33,MALE,Beluga Whale,14-Dec-09,14-Dec-09,Shedd (John G.) Aquarium,14-Dec-09,Shedd (John G.) Aquarium,Public Display,-
NOA0006607,2,TRANSPORT,NUNAVIK,MALE,Beluga Whale,14-Dec-09,-,Shedd (John G.) Aquarium,7-Feb-16,Georgia Aquarium,Public Display,ALIVE
NOA0006608,1,BIRTH,91,MALE,Beluga Whale,20-Dec-09,20-Dec-09,Shedd (John G.) Aquarium,20-Dec-09,Shedd (John G.) Aquarium,Public Display,DEAD
NOA0006657,1,BIRTH,-,FEMALE,Beluga Whale,23-Jun-10,23-Jun-10,Sea World LLC,23-Jun-10,Sea World of Texas,Public Display,-
NOA0006657,2,TRANSPORT,-,FEMALE,Beluga Whale,23-Jun-10,-,Sea World LLC,1-Jun-14,Sea World of California,Public Display,ALIVE
NOA0006658,1,BIRTH,-,FEMALE,Beluga Whale,23-Jun-10,23-Jun-10,Sea World LLC,23-Jun-10,Sea World of California,Public Display,ALIVE
NOA0006689,1,BIRTH,-,MALE,Killer Whale; Orca,9-Oct-10,9-Oct-10,Sea World LLC,9-Oct-10,Sea World of Florida,Public Display,ALIVE
NOA0006690,1,BIRTH,-,MALE,Killer Whale; Orca,12-Oct-10,12-Oct-10,Loro Parque S A,12-Oct-10,Loro Parque S A,Public Display,ALIVE
NOA0006731,1,CAPTURE,-,MALE,Beluga Whale,1-Jan-88,12-Aug-90,Vancouver Aquarium,Unknown,Vancouver Aquarium,Public Display,-
NOA0006731,2,TRANSFER,-,MALE,Beluga Whale,1-Jan-88,-,Sea World LLC,-,Sea World of Texas,Public Display,-
NOA0006731,3,TRANSPORT,-,MALE,Beluga Whale,1-Jan-88,-,Sea World LLC,17-Apr-11,Sea World of Texas,Public Display,ALIVE
NOA0008002,1,BIRTH,-,FEMALE,Killer Whale; Orca,25-Feb-93,25-Feb-93,Marineland S.A. (in France),25-Feb-93,Marineland S.A. (in France),Public Display,-
NOA0008002,2,TRANSPORT,-,FEMALE,Killer Whale; Orca,25-Feb-93,-,Marineland S.A. (in France),20-May-02,Six Flags Worlds of Adventure,Public Display,-
NOA0008002,3,TRANSPORT,-,FEMALE,Killer Whale; Orca,25-Feb-93,-,Marineland S.A. (in France),19-Apr-04,Six Flags Marine World,Public Display,-
NOA0008002,4,TRANSPORT,-,FEMALE,Killer Whale; Orca,25-Feb-93,-,Marineland S.A. (in France),31-Jul-07,Six Flags Discovery Kingdom,Public Display,-
NOA0008002,5,TRANSPORT,-,FEMALE,Killer Whale; Orca,25-Feb-93,-,Marineland S.A. (in France),20-Aug-12,Sea World of California,Public Display,ALIVE
NOA0010000,1,BIRTH,-,FEMALE,Killer Whale; Orca,3-Aug-12,3-Aug-12,Sea World LLC,3-Aug-12,Loro Parque S A,Public Display,DEAD
NOA0010029,1,BIRTH,-,MALE,Killer Whale; Orca,14-Feb-13,14-Feb-13,Sea World LLC,14-Feb-13,Sea World of California,Public Display,ALIVE
NOA0010087,1,BIRTH,-,MALE,Beluga Whale,9-Jul-13,9-Jul-13,Sea World LLC,9-Jul-13,Sea World of Texas,Public Display,ALIVE
NOA0010095,1,BIRTH,-,FEMALE,Beluga Whale,26-Jul-13,26-Jul-13,Sea World LLC,26-Jul-13,Sea World of Texas,Public Display,DEAD
NOA0010123,1,BIRTH,-,FEMALE,Killer Whale; Orca,6-Dec-13,6-Dec-13,Sea World LLC,6-Dec-13,Sea World of Texas,Public Display,ALIVE
NOA0010189,1,BIRTH,-,FEMALE,Killer Whale; Orca,2-Dec-14,2-Dec-14,Sea World LLC,2-Dec-14,Sea World of California,Public Display,ALIVE
NOA0010367,1,BIRTH,KIMALU,FEMALE,Beluga Whale,27-Aug-12,27-Aug-12,Shedd (John G.) Aquarium,27-Aug-12,Shedd (John G.) Aquarium,Public Display,ALIVE
NOA0010372,1,BIRTH,-,MALE,Beluga Whale,11-Aug-16,11-Aug-16,Sea World LLC,11-Aug-16,Sea World of Texas,Public Display,ALIVE
NOA0010374,1,BIRTH,CALF 1,FEMALE,Beluga Whale,18-May-12,18-May-12,Georgia Aquarium,18-May-12,Georgia Aquarium,Public Display,DEAD
NOA0010375,1,BIRTH,CALF 2,FEMALE,Beluga Whale,10-May-15,10-May-15,Georgia Aquarium,10-May-15,Georgia Aquarium,Public Display,DEAD
NOA0010386,1,BIRTH,-,FEMALE,Killer Whale; Orca,19-Apr-17,19-Apr-17,Sea World LLC,19-Apr-17,Sea World of Texas,Public Display,DEAD
NOA0010417,1,BIRTH,-,FEMALE,Beluga Whale,4-Jul-17,4-Jul-17,Sea World LLC,4-Jul-17,Sea World of Florida,Public Display,DEAD
NOA0010448,1,BIRTH,-,MALE,Beluga Whale,17-Sep-17,17-Sep-17,Sea World LLC,17-Sep-17,Sea World of Texas,Public Display,ALIVE
NOA0010470,1,BIRTH,-,FEMALE,Beluga Whale,8-Nov-17,8-Nov-17,Georgia Aquarium,8-Nov-17,Georgia Aquarium,-,DEAD
NOA0010477,1,STRANDED,Tyonek,MALE,Beluga Whale,1-Sep-17,30-Sep-17,NMFS (MMPA Sec. 109h/112c),30-Sep-17,Alaska SeaLife Center,Rehabilitation,-
NOA0010477,2,TRANSPORT,Tyonek,MALE,Beluga Whale,1-Sep-17,-,NMFS (MMPA Sec. 109h/112c),8-Mar-18,Sea World of Texas,Scientific Research,ALIVE
UNK0000590,1,UNKNOWN,-,MALE,Killer Whale; Orca,-,1-Jun-70,"Trident Television, Ltd.",Unknown,"Trident Television, Ltd.",Public Display,-
UNK0000590,2,TRANSFER,-,MALE,Killer Whale; Orca,-,-,Sea World LLC,-,Unknown,Public Display,-
UNK0000590,3,TRANSPORT,-,MALE,Killer Whale; Orca,-,-,Sea World LLC,17-Oct-76,Unknown,Public Display,ALIVE